{
  "baselines": {
    "LogisticRegression": {
      "auc": 0.3591419044115634
    },
    "RandomForest": {
      "auc": 0.8551073903304953
    },
    "XGBoost": {
      "auc": 0.8672084463050391
    }
  },
  "lstm": {
    "avg_auc": 0.7753832517223941,
    "per_horizon": {
      "horizon_1": 0.7784830920524167,
      "horizon_5": 0.7754291077643154,
      "horizon_15": 0.77223755535045
    }
  },
  "comparison": {
    "best_baseline_auc": 0.8672084463050391,
    "lstm_avg_auc": 0.7753832517223941,
    "improvement_percent": -10.588595507099765
  }
}