{
  "baselines": {
    "LogisticRegression": {
      "auc": 0.5272860777727593
    },
    "RandomForest": {
      "auc": 0.9973096927267231
    },
    "XGBoost": {
      "auc": 0.9978550683898307
    }
  },
  "lstm": {
    "per_horizon": {
      "horizon_1": 0.8079935377242932,
      "horizon_5": 0.8090961518371909,
      "horizon_15": 0.8062020918976411
    },
    "avg_auc": 0.8077639271530416
  },
  "comparison": {
    "best_baseline_auc": 0.9978550683898307,
    "lstm_avg_auc": 0.8077639271530416,
    "improvement_percent": -19.049975017266384
  }
}