{
  "baselines": {
    "LogisticRegression": {
      "auc": 0.7000776064493587
    },
    "RandomForest": {
      "auc": 0.7072053549935756
    },
    "XGBoost": {
      "auc": 0.7245067482820697
    }
  },
  "lstm": {
    "avg_auc": 0.7755724138453547,
    "per_horizon": {
      "horizon_1": 0.7778466139904759,
      "horizon_5": 0.7760453470267777,
      "horizon_15": 0.7728252805188102
    }
  },
  "comparison": {
    "best_baseline_auc": 0.7245067482820697,
    "lstm_avg_auc": 0.7755724138453547,
    "improvement_percent": 7.048335392923591
  }
}