{
  "baselines": {
    "LogisticRegression": {
      "auc": 0.6951145757730348
    },
    "RandomForest": {
      "auc": 0.7240169947192492
    },
    "XGBoost": {
      "auc": 0.7322513873257834
    }
  },
  "lstm": {
    "avg_auc": 0.7751846254006907,
    "per_horizon": {
      "horizon_1": 0.7784625312535328,
      "horizon_5": 0.7752340855281309,
      "horizon_15": 0.7718572594204084
    }
  },
  "comparison": {
    "best_baseline_auc": 0.7322513873257834,
    "lstm_avg_auc": 0.7751846254006907,
    "improvement_percent": 5.863182892927173
  }
}