{
  "baselines": {
    "LogisticRegression": {
      "auc": 0.4841052069987558
    },
    "RandomForest": {
      "auc": 0.9215141998233282
    },
    "XGBoost": {
      "auc": 0.930195547798019
    }
  },
  "lstm": {
    "avg_auc": 0.808838204320718,
    "per_horizon": {
      "horizon_1": 0.8114976736684676,
      "horizon_5": 0.8089851632419107,
      "horizon_15": 0.8060317760517755
    }
  },
  "comparison": {
    "best_baseline_auc": 0.930195547798019,
    "lstm_avg_auc": 0.808838204320718,
    "improvement_percent": -13.046433490740853
  }
}