{
  "baselines": {
    "LogisticRegression": {
      "auc": 0.7000776064493587
    },
    "RandomForest": {
      "auc": 0.7072053549935756
    },
    "XGBoost": {
      "auc": 0.7245067482820697
    }
  },
  "lstm": {
    "avg_auc": 0.7753832517223941,
    "per_horizon": {
      "horizon_1": 0.7784830920524167,
      "horizon_5": 0.7754291077643154,
      "horizon_15": 0.77223755535045
    }
  },
  "comparison": {
    "best_baseline_auc": 0.7245067482820697,
    "lstm_avg_auc": 0.7753832517223941,
    "improvement_percent": 7.022226302372103
  }
}