{
  "version": "v5",
  "total_time": 21899.63805270195,
  "best_val_loss": 0.23273238296028953,
  "avg_auc": 0.7751846254006907,
  "avg_pr_auc": 0.4122477438424359,
  "n_features": 43,
  "hidden_size": 128,
  "focal_gamma": 2.0,
  "train_losses": [
    0.2389950707163936,
    0.23510110757706337,
    0.2347929762081694,
    0.23452610227440843,
    0.23446479978389032,
    0.2344437563602389,
    0.2338627979626506,
    0.23377059351459803,
    0.23385314534698934,
    0.2338921947598991,
    0.2338432873946615,
    0.23382686571440328,
    0.23382960277075043,
    0.2334797281583608,
    0.23344711218594133
  ],
  "val_losses": [
    0.23459342008054382,
    0.23420383642179662,
    0.23344309862304782,
    0.23390950838912208,
    0.2341041532608698,
    0.2339655804121769,
    0.2335576261833029,
    0.23296867970150723,
    0.23314625893248953,
    0.232831153995211,
    0.23302674331005263,
    0.23297435724697774,
    0.23294309059653892,
    0.2328991290002249,
    0.23273238296028953
  ],
  "per_horizon": {
    "horizon_1": {
      "auc": 0.7784625312535328,
      "pr_auc": 0.417588569189579,
      "precision_at_100": 1.0
    },
    "horizon_5": {
      "auc": 0.7752340855281309,
      "pr_auc": 0.41084667012443227,
      "precision_at_100": 1.0
    },
    "horizon_15": {
      "auc": 0.7718572594204084,
      "pr_auc": 0.4083079922132965,
      "precision_at_100": 1.0
    }
  },
  "summary": {
    "training_time_sec": 21899.63805270195,
    "best_val_loss": 0.23273238296028953,
    "avg_auc": 0.7751846254006907,
    "avg_pr_auc": 0.4122477438424359
  },
  "artifact_paths": {
    "roc_plot": "models/lstm_roc_curves.png",
    "model_path": "models/stress_test_best_model.pth",
    "scaler_path": "models/scaler.pkl"
  }
}