{
  "version": "v5-h256-s30-g2.0",
  "total_time": 4558.328206539154,
  "best_val_loss": 0.21065215052742708,
  "avg_auc": 0.8201648934705119,
  "avg_pr_auc": 0.5383354804462924,
  "n_features": 43,
  "hidden_size": 256,
  "focal_gamma": 2.0,
  "train_losses": [
    0.22168340914484458,
    0.21785082641781417,
    0.21696420862872806,
    0.2165413358562896,
    0.21579231917759864,
    0.21484503083660625,
    0.21441436568050937,
    0.21423937898145193,
    0.21410391283455832,
    0.21410394293657437,
    0.21397780993768495,
    0.21398063628951827,
    0.2131844356415337,
    0.21307184054165282,
    0.21306294256847683,
    0.21301690538920784,
    0.21297090633981425,
    0.2124950671909353,
    0.2124597834815611,
    0.21243522617139324,
    0.21243109383325234,
    0.21236523881215605,
    0.2123863950219439,
    0.21209173487665783,
    0.21203440423849743,
    0.21202851008492415,
    0.21205094987769116,
    0.21202538857415215,
    0.21200419632251846,
    0.2118395185199383
  ],
  "val_losses": [
    0.21862000764200562,
    0.21636800358169958,
    0.21571051952870268,
    0.21510899321813332,
    0.21362884021119066,
    0.2133119934875714,
    0.21281282513549454,
    0.21292334724413722,
    0.2124241159150475,
    0.2127068256861285,
    0.21324197610742168,
    0.21283553972056038,
    0.2119475670158863,
    0.21157548078580907,
    0.21169522902683208,
    0.2119650377254737,
    0.21185265269718673,
    0.21132085527244368,
    0.21123581991383905,
    0.21106562794823397,
    0.21118013901930105,
    0.21115512487135435,
    0.21118018066412525,
    0.21086269868047613,
    0.21085479886908282,
    0.21082222328374262,
    0.21092098657237857,
    0.2108546828360934,
    0.21086461347968954,
    0.21065215052742708
  ],
  "per_horizon": {
    "horizon_1": {
      "auc": 0.8372931185911248,
      "pr_auc": 0.5763087032642653,
      "precision_at_100": 1.0
    },
    "horizon_5": {
      "auc": 0.8140270405232344,
      "pr_auc": 0.5253955807348866,
      "precision_at_100": 1.0
    },
    "horizon_15": {
      "auc": 0.8091745212971766,
      "pr_auc": 0.5133021573397253,
      "precision_at_100": 1.0
    }
  },
  "summary": {
    "training_time_sec": 4558.328206539154,
    "best_val_loss": 0.21065215052742708,
    "avg_auc": 0.8201648934705119,
    "avg_pr_auc": 0.5383354804462924
  },
  "artifact_paths": {
    "roc_plot": "/kaggle/working/models/lstm_roc_curves.png",
    "model_path": "/kaggle/working/models/stress_test_best_model.pth",
    "scaler_path": "/kaggle/working/models/scaler.pkl"
  }
}