{
  "total_time": 6015.195768117905,
  "avg_epoch_time": 859.3136811597006,
  "best_val_loss": 0.2906634248316745,
  "train_losses": [
    0.29225667370557784,
    0.2913765857410431,
    0.29136996475934984,
    0.2913764858174324,
    0.29137367147684096,
    0.29137199454784396,
    0.2913703595995903
  ],
  "val_losses": [
    0.2906634248316745,
    0.2907121994763689,
    0.2906934604849047,
    0.29069511418985894,
    0.29068266183061675,
    0.2906785658215318,
    0.2906664887162121
  ],
  "per_horizon": {
    "horizon_1": {
      "auc": 0.500936170153067
    },
    "horizon_5": {
      "auc": 0.4994952197036683
    },
    "horizon_15": {
      "auc": 0.4999725791206472
    }
  },
  "avg_auc": 0.5001346563257941,
  "n_features": 30,
  "n_train": 799956,
  "n_val": 100000,
  "n_test": 100000,
  "balance": false,
  "summary": {
    "training_time_sec": 6015.195768117905,
    "best_val_loss": 0.2906634248316745,
    "avg_auc": 0.5001346563257941
  },
  "artifact_paths": {
    "roc_plot": "models/lstm_roc_curves.png",
    "model_path": "models/stress_test_best_model.pth",
    "scaler_path": "models/scaler.pkl"
  }
}