{
  "version": "v5-h256-s60-g3.0",
  "total_time": 0,
  "best_val_loss": Infinity,
  "avg_auc": 0.808838204320718,
  "avg_pr_auc": 0.5131641779261765,
  "n_features": 43,
  "hidden_size": 256,
  "focal_gamma": 3.0,
  "train_losses": [],
  "val_losses": [],
  "per_horizon": {
    "horizon_1": {
      "auc": 0.8114976736684676,
      "pr_auc": 0.5163926912805714,
      "precision_at_100": 1.0
    },
    "horizon_5": {
      "auc": 0.8089851632419107,
      "pr_auc": 0.5147721161642436,
      "precision_at_100": 1.0
    },
    "horizon_15": {
      "auc": 0.8060317760517755,
      "pr_auc": 0.5083277263337145,
      "precision_at_100": 1.0
    }
  },
  "summary": {
    "training_time_sec": 0,
    "best_val_loss": Infinity,
    "avg_auc": 0.808838204320718,
    "avg_pr_auc": 0.5131641779261765
  },
  "artifact_paths": {
    "roc_plot": "models/lstm_roc_curves.png",
    "model_path": "models/stress_test_best_model.pth",
    "scaler_path": "models/scaler.pkl"
  }
}