{
  "version": "v4",
  "total_time": 17183.27406001091,
  "best_val_loss": 0.2735783465568672,
  "avg_auc": 0.6419101241365617,
  "n_features": 39,
  "hidden_size": 128,
  "focal_gamma": 2.0,
  "train_losses": [
    0.276979045573711,
    0.27450085690709103,
    0.2743278530524859,
    0.2742524468578373,
    0.2742158018001721,
    0.2741807903522314,
    0.27410179837495596,
    0.27408720331056735,
    0.2740192477918729,
    0.27400288591638156,
    0.27393523627199207,
    0.2739075878285406,
    0.27388929180902627,
    0.2738143684018289,
    0.27382800041510386,
    0.27376554017002874,
    0.27370128110559727,
    0.2736091652866008,
    0.27357615871234153,
    0.2735335441566877,
    0.2734848089808592,
    0.27341936749275836,
    0.27336245674779797,
    0.27332796650992724,
    0.2732788250740274,
    0.27326695967478354,
    0.2731687906595526,
    0.2731715152707625,
    0.27314516443619347,
    0.27312676600298175
  ],
  "val_losses": [
    0.27490600602477405,
    0.2746649680044645,
    0.2750639429558878,
    0.2749805513321591,
    0.2743375888832695,
    0.27424650806981277,
    0.2742321560221255,
    0.2741097023953562,
    0.27448835753647566,
    0.27418253273534043,
    0.27431783617457467,
    0.27438192309625925,
    0.274177034416467,
    0.274001290140402,
    0.27394152796634325,
    0.2739285417758595,
    0.27395877409774017,
    0.2739073184063977,
    0.2738886674118164,
    0.2742371580294331,
    0.2737165728722082,
    0.27379468872266655,
    0.27373839491773444,
    0.2737301865120983,
    0.2737083107880924,
    0.2736488079742702,
    0.27360260273184617,
    0.27359687264465615,
    0.27358187030038567,
    0.2735783465568672
  ],
  "per_horizon": {
    "horizon_1": {
      "auc": 0.6480518411862292
    },
    "horizon_5": {
      "auc": 0.6428185639699826
    },
    "horizon_15": {
      "auc": 0.6348599672534734
    }
  },
  "summary": {
    "training_time_sec": 17183.27406001091,
    "best_val_loss": 0.2735783465568672
  },
  "artifact_paths": {
    "roc_plot": "models/lstm_roc_curves.png",
    "model_path": "models/stress_test_best_model.pth",
    "scaler": "models/scaler.pkl"
  }
}