{
  "version": "v5",
  "total_time": 9602.342450380325,
  "best_val_loss": 0.2326163961639944,
  "avg_auc": 0.7753832517223941,
  "avg_pr_auc": 0.41228789546219163,
  "n_features": 43,
  "hidden_size": 128,
  "focal_gamma": 2.0,
  "train_losses": [
    0.2398030557505839,
    0.23523594475257725,
    0.23471188540460206,
    0.23453056290793403,
    0.233846632443173,
    0.23392821248723236,
    0.23381897932012646,
    0.2338671689985352,
    0.23375233288041614,
    0.2338442798806396,
    0.23388836370281738,
    0.23345820549506066,
    0.23337089252715987,
    0.23349318808267608,
    0.23339669001232105,
    0.2333709026328738,
    0.2333758930441514,
    0.23340154732371932,
    0.2334370818072531,
    0.2334156231531636,
    0.2330823658619336,
    0.2331451221547368,
    0.23312977977425947
  ],
  "val_losses": [
    0.23372797992869243,
    0.23382092250093225,
    0.23416534317676876,
    0.23374792097811928,
    0.2331766054596541,
    0.23304218931642967,
    0.233019995739375,
    0.23298416802155897,
    0.23347693131904682,
    0.2330255153544044,
    0.2333876584467148,
    0.23304058295875726,
    0.23360210536848325,
    0.23277622937718778,
    0.23278738141247313,
    0.23288485023585506,
    0.2326163961639944,
    0.2326463274111038,
    0.23285105972857345,
    0.23281111221455927,
    0.2327036994433253,
    0.23266119347490855,
    0.23264857356590796
  ],
  "per_horizon": {
    "horizon_1": {
      "auc": 0.7784830920524167,
      "pr_auc": 0.4173014787542795,
      "precision_at_100": 1.0
    },
    "horizon_5": {
      "auc": 0.7754291077643154,
      "pr_auc": 0.4109819953278905,
      "precision_at_100": 1.0
    },
    "horizon_15": {
      "auc": 0.77223755535045,
      "pr_auc": 0.408580212304405,
      "precision_at_100": 1.0
    }
  },
  "summary": {
    "training_time_sec": 9602.342450380325,
    "best_val_loss": 0.2326163961639944,
    "avg_auc": 0.7753832517223941,
    "avg_pr_auc": 0.41228789546219163
  },
  "artifact_paths": {
    "roc_plot": "models/lstm_roc_curves.png",
    "model_path": "models/stress_test_best_model.pth",
    "scaler_path": "models/scaler.pkl"
  }
}